month,opening_paid,new_paid,reactivated,churned,ending_paid,studio,assist,business,MRR,ARR_run_rate,paid_cash_contribution,paid_economic_contribution,service_revenue,service_economic_cost,trial_cash,trial_support_hours,acquisition_cash,acquisition_hours,fixed_cash,cash_operating_result,full_economic_result,receipts_after_fees,cash_out,ending_cash,founder_hours,capacity_exceeded
1,0,0,0,0,0,0,0,0,0.0,0.0,0.0,0.0,0.0,0.0,24.8,5.166666666666667,120,32,150,-294.8,-2969.8,0,294.8,9705.2,89.16666666666666,False
2,0,6.855,0,0,6.855,0.0,6.855,0.0,267.345,3208.1400000000003,223.58268,172.17018000000002,0.0,0.0,25.384,5.288333333333333,120,32,150,-71.80131999999998,-2801.86382,0.0,322.1185,9383.0815,91.00208333333333,False
3,6.855,7.012650000000001,0,0.41130000000000005,13.45635,0.0,13.45635,0.0,524.79765,6297.5718,438.8923116,337.9696866,0.0,0.0,25.98232,5.412983333333333,120,32,150,142.9099916,-2640.4021334,250.31718,348.462085,9284.936595000001,92.77707083333334,False
4,13.45635,7.1740695,0.0,0.8073810000000001,19.8230385,0.0,19.8230385,0.0,773.0985015,9277.182018,646.5482237159999,497.87543496599994,0.0,0.0,26.595325600000002,5.540692833333334,120,32,150,349.9528981159999,-2484.940675634,491.3720766,373.90517575,9402.403495850001,94.49645245833334,False
5,19.8230385,7.3393523850000015,0.0,1.18938231,25.973008575,0.0,25.973008575,0.0,1012.947334425,12155.3680131,847.1356476822,652.3380833697,0.0,0.0,27.223392087999997,5.671540018333332,120,32,150,549.9122555942,-2335.0315092683,723.858073866,398.5181255305,9727.743444185502,96.16479216208333,False
6,25.973008575,7.50859497255,0.0,1.5583805145000003,31.92322303305,0.0,31.92322303305,0.0,1245.00569828895,14940.0683794674,1041.2078424459587,801.7836696980838,0.0,0.0,27.866904705040003,5.805605146883334,120,32,150,743.3409377409187,-2190.2513894134563,948.4303811247,422.367474533935,10253.806350776267,97.78641090514583,False
7,31.92322303305,7.681896078046501,0.0,1.915393381983,37.689725729113505,0.0,37.689725729113505,0.0,1469.8993034354266,17638.79164122512,1229.288094380766,946.6151514124148,0.0,0.0,28.5262589176792,5.942970607849833,120,32,150,930.761835463087,-2050.2002257407594,1165.7084122748538,445.5161892612218,10973.998573789899,99.3654020401282,False
8,37.689725729113505,7.859357081834295,0.0,2.2613835437468097,43.287699267200985,0.0,43.287699267200985,0.0,1688.2202714208383,20258.643257050062,1411.8715992990274,1087.2138547950199,0.0,0.0,29.201860698127344,6.08372097877653,120,32,150,1112.6697386009,-1914.4996352664032,1376.2780247243086,468.02388784021116,11882.252710673996,100.90564579557677,False
9,43.287699267200985,8.041081998164652,0.0,2.597261956032059,48.73151930933358,0.0,48.73151930933358,0.0,1900.5292530640095,22806.351036768116,1589.4272337932239,1223.940838973222,0.0,0.0,29.89412681224728,6.227943085884849,120,32,150,1289.5331069809765,-1782.791580415571,1580.6936264411115,489.94705211864823,12972.99928499646,102.41082291321824,False
10,48.73151930933358,8.227177546062427,0.0,2.9238911585600142,54.034805696835996,0.0,54.034805696835996,0.0,2107.357422176604,25288.289066119247,1762.399222608003,1357.1381798817329,0.0,0.0,30.603485115654337,6.375726065761321,120,32,150,1461.7957374923485,-1654.737087206761,1779.4801590996249,511.33922733331474,14241.140216762771,103.88442748997032,False
11,54.034805696835996,8.417753222156191,0.0,3.242088341810159,59.21047057718202,0.0,59.21047057718202,0.0,2309.208352510099,27710.500230121186,1931.208708345369,1487.1301790165037,0.0,0.0,31.3303748581444,6.527161428780082,120,32,150,1629.8783334872246,-1530.015038705043,1973.134964825663,532.2512101091543,15682.02397147928,105.32977907307558,False
12,59.21047057718202,8.612921375527007,0.0,3.552628234630921,64.27076371807811,0.0,64.27076371807811,0.0,2506.5597850050463,30078.717420060555,2096.2552294288357,1614.22450154325,0.0,0.0,32.075246996689565,6.682343124310325,120,32,150,1794.179982432146,-1408.3210391827497,2162.1295435963784,552.7312254971941,17291.422289578466,106.75003405382985,False
13,64.27076371807811,8.812797284633067,0.0,3.856245823084686,69.22731517962649,0.0,69.22731517962649,0.0,2699.865292005433,32398.383504065194,2257.9181118986976,1738.7132480514988,0.0,0.0,32.83856451724711,6.841367607759813,120,32,150,1955.0795473814505,-1289.3663446985424,2346.91120792934,572.8250937177904,19065.508403790016,108.14819640266643,False
14,69.22731517962649,9.017499236369115,0.0,4.153638910777588,74.09117550521802,0.0,74.09117550521802,0.0,2889.5558447035028,34674.67013644203,2416.557780278191,1860.8739639890557,0.0,0.0,33.620802765634515,7.004333909507191,120,32,150,2112.9369775125565,-1172.8768560617946,2527.904641099241,592.5763872359848,21000.83665765327,109.5271277858117,False
15,74.09117550521802,9.227148607321189,0.0,4.445470530313081,78.87285358222613,0.0,78.87285358222613,0.0,3076.041289706819,36912.495476481825,2572.5169924378874,1980.9705905711915,0.0,0.0,34.42244978773095,7.1713437057772795,120,32,150,2268.0945426501567,-1058.5921703898575,2705.5133647485413,612.0265787584128,23094.3234436434,110.8895571013338,False
16,78.87285358222613,9.441869947279043,0.0,4.7323712149335675,83.58235231457161,0.0,83.58235231457161,0.0,3259.7117402682925,39116.54088321951,2726.1220030920676,2099.2543607327807,0.0,0.0,35.24400667927281,7.342501391515168,120,32,150,2420.877996412795,-946.2646876919473,2880.1211214085697,631.215180706102,25343.22938434587,112.23808947015807,False
17,83.58235231457161,9.661791065070396,0.0,5.0149411388742955,88.2292022407677,0.0,88.2292022407677,0.0,3440.9388873899406,41291.26664867929,2877.6836602848794,2215.9646434791216,0.0,0.0,36.085987945519136,7.517914155316486,120,32,150,2571.59767233936,-835.6587691258924,3052.0931771188966,650.1798766845131,27745.14268478025,113.57521471550841,False
18,88.2292022407677,9.887043116782948,0.0,5.293752134446063,92.82249322310459,0.0,92.82249322310459,0.0,3620.0772357010787,43440.92682841294,3027.4984389647793,2331.329739791495,0.0,0.0,36.94892187107021,7.6976920564729605,120,32,150,2720.5495170937093,-726.549943773764,3221.7775490238732,668.9566454411781,30297.963588362945,114.9033153622491,False
19,92.82249322310459,10.11776069644209,0.0,5.569349593386275,97.3709043261604,0.0,97.3709043261604,0.0,3797.4652687202556,45569.583224643065,3175.8494155020476,2445.5676330558445,0.0,0.0,37.833350900131535,7.88194810419407,120,32,150,2868.0160646019162,-618.7241609701091,3389.5061625348862,687.579877772157,32999.88987312568,116.22467418573417,False
20,97.3709043261604,10.354081929214118,0.0,5.842254259569623,101.88273199580489,0.0,101.88273199580489,0.0,3973.4265478363905,47681.118574036685,3323.007186775172,2558.8866968066354,0.0,0.0,38.73983202752328,8.070798339067348,120,32,150,3014.267354747649,-511.9770853929083,3555.5959423740733,706.0824868111623,35849.40332868859,117.54148133801857,False
21,101.88273199580489,10.596148567206878,0.0,6.112963919748294,106.36591664326347,0.0,106.36591664326347,0.0,4148.270749087275,49779.24898904731,3469.2307372366813,2671.4863624122054,0.0,0.0,39.66893720074453,8.264361916821777,120,32,150,3159.561800035937,-406.11343229319255,3720.349841558811,724.4960121094721,38845.25715813793,118.85584107763765,False
22,106.36591664326347,10.844106087941752,0.0,6.381954998595809,110.82806773260943,0.0,110.82806773260943,0.0,4322.294641571768,51867.53569886122,3614.768257166789,2783.5577491722183,0.0,0.0,40.62125373341033,8.462761194460485,120,32,150,3304.147003433379,-300.9463403950067,3884.0578121454087,742.8507178905871,41986.464252392754,120.16977812761284,True
23,110.82806773260943,11.098103795573042,0.0,6.649684063956563,115.2764874642259,0.0,115.2764874642259,0.0,4495.78301110481,53949.39613325772,3759.857915133192,2895.2842591514977,0.0,0.0,41.59738473038897,8.666121818831035,120,32,150,3448.260530402803,-196.29678014382216,4046.9977213239654,761.17568584087,45272.286287875846,121.48524368488751,True
24,115.2764874642259,11.358294924933132,0.0,6.916589247853554,119.71819314130548,0.0,119.71819314130548,0.0,4669.009532510913,56028.114390130955,3904.7285874968193,3006.8421389370283,0.0,0.0,42.59794952497651,8.874572817703438,120,32,150,3592.1306379718426,-91.99299511905156,4209.436216243672,779.4989027760678,48702.22360134345,122.80412110302981,True
25,119.71819314130548,11.624836748483887,0.0,7.183091588478328,124.15993830131104,0.0,124.15993830131104,0.0,4842.237593751131,58106.85112501356,4049.600547635561,3118.401010375728,0.0,0.0,43.62358412845518,9.08824669342816,120,32,150,3735.9769635071057,12.130025444428156,4371.62954074791,797.8473435035683,52276.005798587794,124.12823126875591,True
26,124.15993830131104,11.897890686257217,0.0,7.449596298078662,128.6082326894896,0.0,128.6082326894896,0.0,5015.721074890094,60188.65289868113,4194.6861174003925,3230.1243722292206,0.0,0.0,44.67494169239279,9.3072795192485,120,32,150,3880.0111757079994,116.23104495937241,4533.824307010672,816.2470491814022,55993.58305641706,125.4593376916209,True
27,128.6082326894896,12.177622418870122,0.0,7.716493961369376,133.06936114699033,0.0,133.06936114699033,0.0,5189.705084732623,62276.46101679147,4340.190283170236,3342.170074567809,0.0,0.0,45.75269298405022,9.531811038343795,120,32,150,4024.437590186186,220.46305043344455,4696.258224889401,834.7232014573125,59855.11807984915,126.79915132509137,True
28,133.06936114699033,12.464202003701915,0.0,7.98416166881942,137.54940148187282,0.0,137.54940148187282,0.0,5364.42665779304,64373.11989351649,4486.311278732764,3454.690767618718,0.0,0.0,46.857526875275084,9.76198476568231,120,32,150,4169.453751857489,324.97369777297354,4859.1607916435,853.3001926545791,63860.978678838066,128.1493351361505,True
29,137.54940148187282,12.757803994323982,0.0,8.25296408891237,142.05424138728443,0.0,142.05424138728443,0.0,5540.115414104093,66481.38496924912,4633.241137087669,3567.8343266830357,0.0,0.0,47.99015084527077,9.997948092764743,120,32,150,4315.2509862423985,429.90573305482303,5022.7539445120665,872.0016922556802,68011.73093109445,129.51150843958584,True
30,142.05424138728443,13.058607563274931,0.0,8.523254483237066,146.5895944673223,0.0,146.5895944673223,0.0,5716.99418422557,68603.93021070684,4781.166213146184,3681.744254641267,0.0,0.0,49.15129149764107,10.239852395341888,120,32,150,4462.014921648543,535.397391283369,5187.25267849808,890.850709920198,72308.13289967233,130.88725101217247,True
31,146.5895944673223,13.366796628276829,0.0,8.79537566803934,151.1610154275598,0.0,151.1610154275598,0.0,5895.279601674832,70743.35522009798,4930.26767918529,3796.5600634785915,0.0,0.0,50.341695092122706,10.487853144192231,120,32,150,4609.925984093167,641.5827740607019,5352.865631568742,909.8696552596058,76751.12887598146,132.27810700108216,True
32,151.1610154275598,13.68255998199086,0.0,9.069660925653587,155.77391448389707,0.0,155.77391448389707,0.0,6075.182664871986,72902.19197846383,5080.721994806787,3912.417636177559,0.0,0.0,51.562128091429855,10.742110019047885,120,32,150,4759.159866715357,748.5922075146918,5519.795639352775,929.0803945786284,81341.84412075562,133.68558864002216,True
33,155.77391448389707,14.006091425413624,0.0,9.346434869033825,160.43357104027686,0.0,160.43357104027686,0.0,6256.909270570797,75082.91124684957,5232.70135304967,4029.4495702475933,0.0,0.0,52.81337772364708,11.002787025759808,120,32,150,4909.887975326023,856.5525817511516,5688.240261293985,948.5043047807269,86081.58007726888,135.11117978582902,True
34,160.43357104027686,14.337589905018332,0.0,9.62601426241661,165.1451466828786,0.0,165.1451466828786,0.0,6440.660720632265,77287.92864758718,5386.374104208768,4147.785504087178,0.0,0.0,54.096252560620314,11.2700526167959,120,32,150,5062.277851648148,965.587673022681,5858.392280106751,968.1623246238468,90971.81003275179,136.55633928751556,True
35,165.1451466828786,14.67725965374803,0.0,9.908708800972716,169.9136975356539,0.0,169.9136975356539,0.0,6626.634203890502,79519.61044668603,5541.905158822888,4267.552427305483,0.0,0.0,55.411583112808025,11.544079815168338,120,32,150,5216.493575710079,1075.818449737625,6030.4401762719945,988.0750035018582,96014.17520552193,138.02250419908182,True
36,169.9136975356539,15.0253103359712,0.0,10.194821852139237,174.74418601948588,0.0,174.74418601948588,0.0,6815.023254759949,81780.27905711939,5699.456371211551,4388.874976065407,0.0,0.0,56.76022244106875,11.825046341889323,120,32,150,5372.696148770483,1187.363363367659,6204.568579211939,1008.2625479170637,101210.4812368168,139.5110928467608,True
