scenario,month,report_paid,report_MRR,report_ARR,report_contribution,report_fixed_cost,report_partial_result,reconstructed_qualified,reconstructed_paid,price_mix_ARPU,reconstructed_MRR,MRR_difference,report_implied_ARPU,original_seed,note
bearish,12,1.6,39,469,13,5000,-4987,557.8341733326582,1.5769970901524233,24.8,39.1095278357801,0.10952783578009928,24.375,source_unavailable,Report pp3-4/18-20; displayed precision only. Bullish mix conflict retained. Per-plan contribution seed unavailable.
bearish,24,2.1,53,630,17,5000,-4983,628.5815091742152,2.1171125787896337,24.8,52.50439195398292,-0.4956080460170824,25.238095238095237,source_unavailable,Report pp3-4/18-20; displayed precision only. Bullish mix conflict retained. Per-plan contribution seed unavailable.
bearish,36,2.5,61,732,20,5000,-4980,708.3013780156341,2.4589679628727197,24.8,60.98240547924345,-0.017594520756553322,24.4,source_unavailable,Report pp3-4/18-20; displayed precision only. Bullish mix conflict retained. Per-plan contribution seed unavailable.
base,12,43.2,1296,15551,935,5000,-4065,1710.3393581163143,43.197905821348655,30.000000000000004,1295.9371746404597,-0.0628253595402839,29.999999999999996,source_unavailable,Report pp3-4/18-20; displayed precision only. Bullish mix conflict retained. Per-plan contribution seed unavailable.
base,24,98.1,2944,35329,2124,5000,-2876,3071.523755917812,98.1359933779899,30.000000000000004,2944.0798013396975,0.07980133969749659,30.01019367991845,source_unavailable,Report pp3-4/18-20; displayed precision only. Bullish mix conflict retained. Per-plan contribution seed unavailable.
base,36,186.0,5581,66968,4026,5000,-974,5516.015367592257,186.02247649604388,30.000000000000004,5580.674294881317,-0.3257051186828903,30.00537634408602,source_unavailable,Report pp3-4/18-20; displayed precision only. Bullish mix conflict retained. Per-plan contribution seed unavailable.
bullish,12,431.2,15955,191455,11320,5000,6320,4663.277994109222,431.2047422855643,39.0,16816.984949137008,861.9849491370078,37.00139146567718,source_unavailable,Report pp3-4/18-20; displayed precision only. Bullish mix conflict retained. Per-plan contribution seed unavailable.
bullish,24,1385.0,51246,614956,36360,5000,31360,11742.9272911854,1385.035012713983,39.0,54016.36549584533,2770.3654958453335,37.00072202166065,source_unavailable,Report pp3-4/18-20; displayed precision only. Bullish mix conflict retained. Per-plan contribution seed unavailable.
bullish,36,3695.3,136728,1640732,97010,5000,92010,29570.688588641136,3695.3431688706255,39.0,144118.3835859544,7390.383585954405,37.000514166644116,source_unavailable,Report pp3-4/18-20; displayed precision only. Bullish mix conflict retained. Per-plan contribution seed unavailable.
