capability,officialSupportBaseline,minimumScopes,product,implemented,accountRequirement,testerBActualGrant,testerBHasRequiredGrant,runtimeActivation,scheduling,historicalLiveE2E,historicalLiveEvidence,historicalProductionVerdict,historicalSource,limitation,sourceReadDate,source,ordinaryExternalLiveEvidence,syntheticEvidence,appConsoleFact,codePath,blockerTypes,owner,nextAction,limitationType
connected,documented,openid profile,openid_connect,True,member,openid profile,True,Existing connection approval reused; no change,none,PARTIAL,../official-social-20261007/evidence/linkedin-tester-b-20261008.json,"NOT PRODUCTION READY — minimum preview connection/reload/fresh-session, disconnect/reconnect and expired-callback rejection observed; live-isolation/iPhone/genuine expiry and production pending",https://learn.microsoft.com/en-us/linkedin/consumer/integrations/self-serve/sign-in-with-linkedin-v2,,2026-10-08,https://learn.microsoft.com/en-us/linkedin/shared/authentication/getting-access,"PARTIAL: parent Tester B normal-UI consent, actual scopes, encrypted persistence, fresh session and disconnect/reconnect; real iPhone and full negative acceptance remain pending",test_official_social.CapabilityQualification.test_linkedin_member_identity_uses_only_minimum_connection_review; existing disposable SQL connection suites,Added: Sign In with LinkedIn using OIDC / Standard Tier,providers.LinkedInProvider.identity / OAuthService.complete / token_for_worker,UNVERIFIED,Engineering + eligible account owner,Preserve working basic identity; complete parent-owned remaining connection acceptance,
member_identity,documented,openid profile,openid_connect,True,member,openid profile,True,Existing connection approval reused; no change,none,PARTIAL,../official-social-20261007/evidence/linkedin-tester-b-20261008.json,"NOT PRODUCTION READY — minimum preview connection/reload/fresh-session, disconnect/reconnect and expired-callback rejection observed; live-isolation/iPhone/genuine expiry and production pending",https://learn.microsoft.com/en-us/linkedin/consumer/integrations/self-serve/sign-in-with-linkedin-v2,,2026-10-08,https://learn.microsoft.com/en-us/linkedin/shared/authentication/getting-access,"PARTIAL: parent Tester B normal-UI consent, actual scopes, encrypted persistence, fresh session and disconnect/reconnect; real iPhone and full negative acceptance remain pending",test_official_social.CapabilityQualification.test_linkedin_member_identity_uses_only_minimum_connection_review; existing disposable SQL connection suites,Added: Sign In with LinkedIn using OIDC / Standard Tier,providers.LinkedInProvider.identity / OAuthService.complete / token_for_worker,UNVERIFIED,Engineering + eligible account owner,Preserve working basic identity; complete parent-owned remaining connection acceptance,
organization_identity,documented,r_organization_admin,community_management,True,authorized organization,openid profile,False,PREVIEW_CODE_DEPLOYED_b7ee0e68; configuration activation NOT_APPLIED,none,NOT_RUN,,"NOT PRODUCTION READY — approvals, actual grant, eligibility and live E2E unverified",https://learn.microsoft.com/en-us/linkedin/marketing/community-management/shares/posts-api?view=li-lms-2026-09,,2026-10-08,https://learn.microsoft.com/en-us/linkedin/marketing/community-management/organizations/organization-access-control-by-role?view=li-lms-2026-06 ; https://learn.microsoft.com/en-us/linkedin/marketing/community-management/community-management-api-migration-guide?view=li-lms-2026-09,NOT_RUN for this operation,Existing focused contracts where applicable; not a claim that this row is individually verified,"Community Management available to request, not Added. No restricted member-read or organization approval is proven",LinkedInProvider capability_scopes/destinations/organization_authorized; OfficialAPI.read/write; per-operation gates,PROVIDER_REVIEW; HUMAN_CONSENT; ACCOUNT_ELIGIBILITY; UNVERIFIED,James business/app owner + LinkedIn + eligible destination owner,"Complete genuine review prerequisites; approve submission separately; after actual product/scope approval, owner consents to exact group and select/verify destination; then approve and test exact operation",
organization_roles,documented,r_organization_admin,community_management,True,authorized organization,openid profile,False,PREVIEW_CODE_DEPLOYED_b7ee0e68; configuration activation NOT_APPLIED,none,NOT_RUN,,"NOT PRODUCTION READY — approvals, actual grant, eligibility and live E2E unverified",https://learn.microsoft.com/en-us/linkedin/marketing/community-management/shares/posts-api?view=li-lms-2026-09,,2026-10-08,https://learn.microsoft.com/en-us/linkedin/marketing/community-management/organizations/organization-access-control-by-role?view=li-lms-2026-06 ; https://learn.microsoft.com/en-us/linkedin/marketing/community-management/community-management-api-migration-guide?view=li-lms-2026-09,NOT_RUN for this operation,Existing focused contracts where applicable; not a claim that this row is individually verified,"Community Management available to request, not Added. No restricted member-read or organization approval is proven",LinkedInProvider capability_scopes/destinations/organization_authorized; OfficialAPI.read/write; per-operation gates,PROVIDER_REVIEW; HUMAN_CONSENT; ACCOUNT_ELIGIBILITY; UNVERIFIED,James business/app owner + LinkedIn + eligible destination owner,"Complete genuine review prerequisites; approve submission separately; after actual product/scope approval, owner consents to exact group and select/verify destination; then approve and test exact operation",
member_publish,documented,w_member_social,share_on_linkedin,True,member,openid profile,False,PREVIEW_CODE_DEPLOYED_b7ee0e68; configuration activation NOT_APPLIED,rafii,NOT_RUN,,"NOT PRODUCTION READY — approvals, actual grant, eligibility and live E2E unverified",https://learn.microsoft.com/en-us/linkedin/marketing/community-management/shares/posts-api?view=li-lms-2026-09,201 + x-restli-id proves acceptance only. Retain provider_accepted and strict canonical owner-inspection link without restricted r_member_social GET. API verification stays pending; duplicate submission blocked. Real create/owner inspection NOT_RUN.,2026-10-08,https://learn.microsoft.com/en-us/linkedin/marketing/community-management/shares/posts-api?view=li-lms-2026-09,NOT_RUN for this operation,tests/test_linkedin_publishing_recovery.py; tests/phase2/postgres_official_social.py optional-analytics denial regression,Added: Share on LinkedIn / Default Tier; w_member_social shown. Console evidence is independent of server activation and live customer publishing,HostedSocial/OfficialPublishers.linkedin,CONFIGURATION; HUMAN_CONSENT; UNVERIFIED,Operator James + Tester B account owner + Engineering,Review candidate source; approve preview-scoped Share evidence and LinkedIn-only workflow setting; owner grants optional w_member_social; approve exact operation/content/destination/cleanup separately,
text,documented,w_member_social,share_on_linkedin,True,member,openid profile,False,PREVIEW_CODE_DEPLOYED_b7ee0e68; configuration activation NOT_APPLIED,rafii,NOT_RUN,,"NOT PRODUCTION READY — approvals, actual grant, eligibility and live E2E unverified",https://learn.microsoft.com/en-us/linkedin/marketing/community-management/shares/posts-api?view=li-lms-2026-09,201 + x-restli-id proves acceptance only. Retain provider_accepted and strict canonical owner-inspection link without restricted r_member_social GET. API verification stays pending; duplicate submission blocked. Real create/owner inspection NOT_RUN.,2026-10-08,https://learn.microsoft.com/en-us/linkedin/marketing/community-management/shares/posts-api?view=li-lms-2026-09,NOT_RUN for this operation,tests/test_linkedin_publishing_recovery.py; tests/phase2/postgres_official_social.py optional-analytics denial regression,Added: Share on LinkedIn / Default Tier; w_member_social shown. Console evidence is independent of server activation and live customer publishing,HostedSocial/OfficialPublishers.linkedin,CONFIGURATION; HUMAN_CONSENT; UNVERIFIED,Operator James + Tester B account owner + Engineering,Review candidate source; approve preview-scoped Share evidence and LinkedIn-only workflow setting; owner grants optional w_member_social; approve exact operation/content/destination/cleanup separately,
link,documented,w_member_social,share_on_linkedin,True,member,openid profile,False,PREVIEW_CODE_DEPLOYED_b7ee0e68; configuration activation NOT_APPLIED,rafii,NOT_RUN,,"NOT PRODUCTION READY — approvals, actual grant, eligibility and live E2E unverified",https://learn.microsoft.com/en-us/linkedin/marketing/community-management/shares/posts-api?view=li-lms-2026-09,External HTTPS URL share with explicit nonempty title; optional description/thumbnail. No URL scraping; not native article/newsletter authoring.,2026-10-08,https://learn.microsoft.com/en-us/linkedin/marketing/integrations/ads/advertising-targeting/version/article-ads-integrations?view=li-lms-2026-09,NOT_RUN for this operation,tests/test_linkedin_publishing_recovery.py; tests/phase2/postgres_official_social.py optional-analytics denial regression,Added: Share on LinkedIn / Default Tier; w_member_social shown. Console evidence is independent of server activation and live customer publishing,HostedSocial/OfficialPublishers.linkedin,CONFIGURATION; HUMAN_CONSENT; UNVERIFIED,Operator James + Tester B account owner + Engineering,Review candidate source; approve preview-scoped Share evidence and LinkedIn-only workflow setting; owner grants optional w_member_social; approve exact operation/content/destination/cleanup separately,
image,documented,w_member_social,share_on_linkedin,True,member,openid profile,False,PREVIEW_CODE_DEPLOYED_b7ee0e68; configuration activation NOT_APPLIED,rafii,NOT_RUN,,"NOT PRODUCTION READY — approvals, actual grant, eligibility and live E2E unverified",https://learn.microsoft.com/en-us/linkedin/marketing/community-management/shares/posts-api?view=li-lms-2026-09,"Own uploaded image and real AVAILABLE processing evidence required. w_member_social GET behavior is version-specific; retain documented legacy fallback, never skip status.",2026-10-08,https://learn.microsoft.com/en-us/linkedin/marketing/community-management/shares/images-api?view=li-lms-2026-09,NOT_RUN for this operation,tests/test_linkedin_publishing_recovery.py; tests/phase2/postgres_official_social.py optional-analytics denial regression,Added: Share on LinkedIn / Default Tier; w_member_social shown. Console evidence is independent of server activation and live customer publishing,HostedSocial/OfficialPublishers.linkedin,CONFIGURATION; HUMAN_CONSENT; UNVERIFIED,Operator James + Tester B account owner + Engineering,Review candidate source; approve preview-scoped Share evidence and LinkedIn-only workflow setting; owner grants optional w_member_social; approve exact operation/content/destination/cleanup separately,
video,documented,w_member_social,share_on_linkedin,True,member,openid profile,False,PREVIEW_CODE_DEPLOYED_b7ee0e68; configuration activation NOT_APPLIED,rafii,NOT_RUN,,"NOT PRODUCTION READY — approvals, actual grant, eligibility and live E2E unverified",https://learn.microsoft.com/en-us/linkedin/marketing/community-management/shares/posts-api?view=li-lms-2026-09,"Own MP4, approved bytes/rights; upload ranges + finalization + real processing status required. Live multipart/video acceptance NOT_RUN.",2026-10-08,https://learn.microsoft.com/en-us/linkedin/marketing/community-management/shares/videos-api?view=li-lms-2026-09,NOT_RUN for this operation,tests/test_linkedin_publishing_recovery.py; tests/phase2/postgres_official_social.py optional-analytics denial regression,Added: Share on LinkedIn / Default Tier; w_member_social shown. Console evidence is independent of server activation and live customer publishing,HostedSocial/OfficialPublishers.linkedin,CONFIGURATION; HUMAN_CONSENT; UNVERIFIED,Operator James + Tester B account owner + Engineering,Review candidate source; approve preview-scoped Share evidence and LinkedIn-only workflow setting; owner grants optional w_member_social; approve exact operation/content/destination/cleanup separately,
document,documented,w_member_social,share_on_linkedin,True,member,openid profile,False,PREVIEW_CODE_DEPLOYED_b7ee0e68; configuration activation NOT_APPLIED,rafii,NOT_RUN,,"NOT PRODUCTION READY — approvals, actual grant, eligibility and live E2E unverified",https://learn.microsoft.com/en-us/linkedin/marketing/community-management/shares/posts-api?view=li-lms-2026-09,"Rafii supports verified PDF only, narrower than provider file types. Approved bytes/rights and AVAILABLE status required. Live document acceptance NOT_RUN.",2026-10-08,https://learn.microsoft.com/en-us/linkedin/marketing/community-management/shares/documents-api?view=li-lms-2026-09,NOT_RUN for this operation,tests/test_linkedin_publishing_recovery.py; tests/phase2/postgres_official_social.py optional-analytics denial regression,Added: Share on LinkedIn / Default Tier; w_member_social shown. Console evidence is independent of server activation and live customer publishing,HostedSocial/OfficialPublishers.linkedin,CONFIGURATION; HUMAN_CONSENT; UNVERIFIED,Operator James + Tester B account owner + Engineering,Review candidate source; approve preview-scoped Share evidence and LinkedIn-only workflow setting; owner grants optional w_member_social; approve exact operation/content/destination/cleanup separately,
multi_image,documented,w_member_social,share_on_linkedin,True,member,openid profile,False,PREVIEW_CODE_DEPLOYED_b7ee0e68; configuration activation NOT_APPLIED,rafii,NOT_RUN,,"NOT PRODUCTION READY — approvals, actual grant, eligibility and live E2E unverified",https://learn.microsoft.com/en-us/linkedin/marketing/community-management/shares/posts-api?view=li-lms-2026-09,2–20 owned images in approved order with alt text; distinct from sponsored Carousel Ads. Live acceptance NOT_RUN.,2026-10-08,https://learn.microsoft.com/en-us/linkedin/marketing/community-management/shares/multiimage-post-api?view=li-lms-2026-09,NOT_RUN for this operation,tests/test_linkedin_publishing_recovery.py; tests/phase2/postgres_official_social.py optional-analytics denial regression,Added: Share on LinkedIn / Default Tier; w_member_social shown. Console evidence is independent of server activation and live customer publishing,HostedSocial/OfficialPublishers.linkedin,CONFIGURATION; HUMAN_CONSENT; UNVERIFIED,Operator James + Tester B account owner + Engineering,Review candidate source; approve preview-scoped Share evidence and LinkedIn-only workflow setting; owner grants optional w_member_social; approve exact operation/content/destination/cleanup separately,
poll,documented,w_member_social,share_on_linkedin,True,member,openid profile,False,PREVIEW_CODE_DEPLOYED_b7ee0e68; configuration activation NOT_APPLIED,rafii,NOT_RUN,,"NOT PRODUCTION READY — approvals, actual grant, eligibility and live E2E unverified",https://learn.microsoft.com/en-us/linkedin/marketing/community-management/shares/posts-api?view=li-lms-2026-09,2–4 options; supported duration; non-sponsored polls; poll content cannot be updated. Live acceptance NOT_RUN.,2026-10-08,https://learn.microsoft.com/en-us/linkedin/marketing/community-management/shares/poll-post-api?view=li-lms-2026-09,NOT_RUN for this operation,tests/test_linkedin_publishing_recovery.py; tests/phase2/postgres_official_social.py optional-analytics denial regression,Added: Share on LinkedIn / Default Tier; w_member_social shown. Console evidence is independent of server activation and live customer publishing,HostedSocial/OfficialPublishers.linkedin,CONFIGURATION; HUMAN_CONSENT; UNVERIFIED,Operator James + Tester B account owner + Engineering,Review candidate source; approve preview-scoped Share evidence and LinkedIn-only workflow setting; owner grants optional w_member_social; approve exact operation/content/destination/cleanup separately,
edit,documented,w_member_social,share_on_linkedin,True,member,openid profile,False,PREVIEW_CODE_DEPLOYED_b7ee0e68; configuration activation NOT_APPLIED,rafii,NOT_RUN,,"NOT PRODUCTION READY — approvals, actual grant, eligibility and live E2E unverified",https://learn.microsoft.com/en-us/linkedin/marketing/community-management/shares/posts-api?view=li-lms-2026-09,Own returned post ID; approved commentary edit only. Poll content is immutable. Real edit NOT_RUN; no feed/comment permission follows from Share.,2026-10-08,https://learn.microsoft.com/en-us/linkedin/marketing/community-management/shares/posts-api?view=li-lms-2026-09,NOT_RUN for this operation,tests/test_linkedin_publishing_recovery.py; tests/phase2/postgres_official_social.py optional-analytics denial regression,Added: Share on LinkedIn / Default Tier; w_member_social shown. Console evidence is independent of server activation and live customer publishing,OfficialAPI.write + immutable SocialActionsService approval,CONFIGURATION; HUMAN_CONSENT; UNVERIFIED,Operator James + Tester B account owner + Engineering,Review candidate source; approve preview-scoped Share evidence and LinkedIn-only workflow setting; owner grants optional w_member_social; approve exact operation/content/destination/cleanup separately,
delete,documented,w_member_social,share_on_linkedin,True,member,openid profile,False,PREVIEW_CODE_DEPLOYED_b7ee0e68; configuration activation NOT_APPLIED,rafii,NOT_RUN,,"NOT PRODUCTION READY — approvals, actual grant, eligibility and live E2E unverified",https://learn.microsoft.com/en-us/linkedin/marketing/community-management/shares/posts-api?view=li-lms-2026-09,Only an exact authorized member-owned post ID may be deleted. Ambiguous deletion must be reconciled before any retry. Real cleanup NOT_RUN.,2026-10-08,https://learn.microsoft.com/en-us/linkedin/marketing/community-management/shares/posts-api?view=li-lms-2026-09,NOT_RUN for this operation,tests/test_linkedin_publishing_recovery.py; tests/phase2/postgres_official_social.py optional-analytics denial regression,Added: Share on LinkedIn / Default Tier; w_member_social shown. Console evidence is independent of server activation and live customer publishing,OfficialAPI.write + immutable SocialActionsService approval,CONFIGURATION; HUMAN_CONSENT; UNVERIFIED,Operator James + Tester B account owner + Engineering,Review candidate source; approve preview-scoped Share evidence and LinkedIn-only workflow setting; owner grants optional w_member_social; approve exact operation/content/destination/cleanup separately,
schedule,documented,w_member_social,share_on_linkedin,True,member,openid profile,False,PREVIEW_CODE_DEPLOYED_b7ee0e68; configuration activation NOT_APPLIED,rafii,NOT_RUN,,"NOT PRODUCTION READY — approvals, actual grant, eligibility and live E2E unverified",https://learn.microsoft.com/en-us/linkedin/marketing/community-management/shares/posts-api?view=li-lms-2026-09,"Rafii scheduling, not native LinkedIn scheduling. Exact scheduled manifest and approver membership/billing/grant rechecked by durable worker. Real timed publication NOT_RUN.",2026-10-08,https://learn.microsoft.com/en-us/linkedin/marketing/community-management/shares/posts-api?view=li-lms-2026-09,NOT_RUN for this operation,tests/test_linkedin_publishing_recovery.py; tests/phase2/postgres_official_social.py optional-analytics denial regression,Added: Share on LinkedIn / Default Tier; w_member_social shown. Console evidence is independent of server activation and live customer publishing,OAuthService._capabilities + HostedSocial + durable PostgresWorker claim/dispatch,CONFIGURATION; HUMAN_CONSENT; UNVERIFIED,Operator James + Tester B account owner + Engineering,Review candidate source; approve preview-scoped Share evidence and LinkedIn-only workflow setting; owner grants optional w_member_social; approve exact operation/content/destination/cleanup separately,
organization_publish,documented,w_organization_social rw_organization_admin,community_management,True,organization with current content authorization,openid profile,False,PREVIEW_CODE_DEPLOYED_b7ee0e68; configuration activation NOT_APPLIED,rafii,NOT_RUN,,"NOT PRODUCTION READY — approvals, actual grant, eligibility and live E2E unverified",https://learn.microsoft.com/en-us/linkedin/marketing/community-management/shares/posts-api?view=li-lms-2026-09,,2026-10-08,https://learn.microsoft.com/en-us/linkedin/marketing/community-management/organizations/organization-access-control-by-role?view=li-lms-2026-06 ; https://learn.microsoft.com/en-us/linkedin/marketing/community-management/community-management-api-migration-guide?view=li-lms-2026-09,NOT_RUN for this operation,Existing focused contracts where applicable; not a claim that this row is individually verified,"Community Management available to request, not Added. No restricted member-read or organization approval is proven",LinkedInProvider capability_scopes/destinations/organization_authorized; OfficialAPI.read/write; per-operation gates,PROVIDER_REVIEW; HUMAN_CONSENT; ACCOUNT_ELIGIBILITY; UNVERIFIED,James business/app owner + LinkedIn + eligible destination owner,"Complete genuine review prerequisites; approve submission separately; after actual product/scope approval, owner consents to exact group and select/verify destination; then approve and test exact operation",
organization_text,documented,w_organization_social rw_organization_admin,community_management,True,organization with current content authorization,openid profile,False,PREVIEW_CODE_DEPLOYED_b7ee0e68; configuration activation NOT_APPLIED,rafii,NOT_RUN,,"NOT PRODUCTION READY — approvals, actual grant, eligibility and live E2E unverified",https://learn.microsoft.com/en-us/linkedin/marketing/community-management/shares/posts-api?view=li-lms-2026-09,,2026-10-08,https://learn.microsoft.com/en-us/linkedin/marketing/community-management/organizations/organization-access-control-by-role?view=li-lms-2026-06 ; https://learn.microsoft.com/en-us/linkedin/marketing/community-management/community-management-api-migration-guide?view=li-lms-2026-09,NOT_RUN for this operation,Existing focused contracts where applicable; not a claim that this row is individually verified,"Community Management available to request, not Added. No restricted member-read or organization approval is proven",LinkedInProvider capability_scopes/destinations/organization_authorized; OfficialAPI.read/write; per-operation gates,PROVIDER_REVIEW; HUMAN_CONSENT; ACCOUNT_ELIGIBILITY; UNVERIFIED,James business/app owner + LinkedIn + eligible destination owner,"Complete genuine review prerequisites; approve submission separately; after actual product/scope approval, owner consents to exact group and select/verify destination; then approve and test exact operation",
organization_link,documented,w_organization_social rw_organization_admin,community_management,True,organization with current content authorization,openid profile,False,PREVIEW_CODE_DEPLOYED_b7ee0e68; configuration activation NOT_APPLIED,rafii,NOT_RUN,,"NOT PRODUCTION READY — approvals, actual grant, eligibility and live E2E unverified",https://learn.microsoft.com/en-us/linkedin/marketing/community-management/shares/posts-api?view=li-lms-2026-09,,2026-10-08,https://learn.microsoft.com/en-us/linkedin/marketing/community-management/organizations/organization-access-control-by-role?view=li-lms-2026-06 ; https://learn.microsoft.com/en-us/linkedin/marketing/community-management/community-management-api-migration-guide?view=li-lms-2026-09,NOT_RUN for this operation,Existing focused contracts where applicable; not a claim that this row is individually verified,"Community Management available to request, not Added. No restricted member-read or organization approval is proven",LinkedInProvider capability_scopes/destinations/organization_authorized; OfficialAPI.read/write; per-operation gates,PROVIDER_REVIEW; HUMAN_CONSENT; ACCOUNT_ELIGIBILITY; UNVERIFIED,James business/app owner + LinkedIn + eligible destination owner,"Complete genuine review prerequisites; approve submission separately; after actual product/scope approval, owner consents to exact group and select/verify destination; then approve and test exact operation",
organization_image,documented,w_organization_social rw_organization_admin,community_management,True,organization with current content authorization,openid profile,False,PREVIEW_CODE_DEPLOYED_b7ee0e68; configuration activation NOT_APPLIED,rafii,NOT_RUN,,"NOT PRODUCTION READY — approvals, actual grant, eligibility and live E2E unverified",https://learn.microsoft.com/en-us/linkedin/marketing/community-management/shares/posts-api?view=li-lms-2026-09,,2026-10-08,https://learn.microsoft.com/en-us/linkedin/marketing/community-management/organizations/organization-access-control-by-role?view=li-lms-2026-06 ; https://learn.microsoft.com/en-us/linkedin/marketing/community-management/community-management-api-migration-guide?view=li-lms-2026-09,NOT_RUN for this operation,Existing focused contracts where applicable; not a claim that this row is individually verified,"Community Management available to request, not Added. No restricted member-read or organization approval is proven",LinkedInProvider capability_scopes/destinations/organization_authorized; OfficialAPI.read/write; per-operation gates,PROVIDER_REVIEW; HUMAN_CONSENT; ACCOUNT_ELIGIBILITY; UNVERIFIED,James business/app owner + LinkedIn + eligible destination owner,"Complete genuine review prerequisites; approve submission separately; after actual product/scope approval, owner consents to exact group and select/verify destination; then approve and test exact operation",
organization_video,documented,w_organization_social rw_organization_admin,community_management,True,organization with current content authorization,openid profile,False,PREVIEW_CODE_DEPLOYED_b7ee0e68; configuration activation NOT_APPLIED,rafii,NOT_RUN,,"NOT PRODUCTION READY — approvals, actual grant, eligibility and live E2E unverified",https://learn.microsoft.com/en-us/linkedin/marketing/community-management/shares/posts-api?view=li-lms-2026-09,,2026-10-08,https://learn.microsoft.com/en-us/linkedin/marketing/community-management/organizations/organization-access-control-by-role?view=li-lms-2026-06 ; https://learn.microsoft.com/en-us/linkedin/marketing/community-management/community-management-api-migration-guide?view=li-lms-2026-09,NOT_RUN for this operation,Existing focused contracts where applicable; not a claim that this row is individually verified,"Community Management available to request, not Added. No restricted member-read or organization approval is proven",LinkedInProvider capability_scopes/destinations/organization_authorized; OfficialAPI.read/write; per-operation gates,PROVIDER_REVIEW; HUMAN_CONSENT; ACCOUNT_ELIGIBILITY; UNVERIFIED,James business/app owner + LinkedIn + eligible destination owner,"Complete genuine review prerequisites; approve submission separately; after actual product/scope approval, owner consents to exact group and select/verify destination; then approve and test exact operation",
organization_document,documented,w_organization_social rw_organization_admin,community_management,True,organization with current content authorization,openid profile,False,PREVIEW_CODE_DEPLOYED_b7ee0e68; configuration activation NOT_APPLIED,rafii,NOT_RUN,,"NOT PRODUCTION READY — approvals, actual grant, eligibility and live E2E unverified",https://learn.microsoft.com/en-us/linkedin/marketing/community-management/shares/posts-api?view=li-lms-2026-09,,2026-10-08,https://learn.microsoft.com/en-us/linkedin/marketing/community-management/organizations/organization-access-control-by-role?view=li-lms-2026-06 ; https://learn.microsoft.com/en-us/linkedin/marketing/community-management/community-management-api-migration-guide?view=li-lms-2026-09,NOT_RUN for this operation,Existing focused contracts where applicable; not a claim that this row is individually verified,"Community Management available to request, not Added. No restricted member-read or organization approval is proven",LinkedInProvider capability_scopes/destinations/organization_authorized; OfficialAPI.read/write; per-operation gates,PROVIDER_REVIEW; HUMAN_CONSENT; ACCOUNT_ELIGIBILITY; UNVERIFIED,James business/app owner + LinkedIn + eligible destination owner,"Complete genuine review prerequisites; approve submission separately; after actual product/scope approval, owner consents to exact group and select/verify destination; then approve and test exact operation",
organization_multi_image,documented,w_organization_social rw_organization_admin,community_management,True,organization with current content authorization,openid profile,False,PREVIEW_CODE_DEPLOYED_b7ee0e68; configuration activation NOT_APPLIED,rafii,NOT_RUN,,"NOT PRODUCTION READY — approvals, actual grant, eligibility and live E2E unverified",https://learn.microsoft.com/en-us/linkedin/marketing/community-management/shares/posts-api?view=li-lms-2026-09,,2026-10-08,https://learn.microsoft.com/en-us/linkedin/marketing/community-management/organizations/organization-access-control-by-role?view=li-lms-2026-06 ; https://learn.microsoft.com/en-us/linkedin/marketing/community-management/community-management-api-migration-guide?view=li-lms-2026-09,NOT_RUN for this operation,Existing focused contracts where applicable; not a claim that this row is individually verified,"Community Management available to request, not Added. No restricted member-read or organization approval is proven",LinkedInProvider capability_scopes/destinations/organization_authorized; OfficialAPI.read/write; per-operation gates,PROVIDER_REVIEW; HUMAN_CONSENT; ACCOUNT_ELIGIBILITY; UNVERIFIED,James business/app owner + LinkedIn + eligible destination owner,"Complete genuine review prerequisites; approve submission separately; after actual product/scope approval, owner consents to exact group and select/verify destination; then approve and test exact operation",
organization_poll,documented,w_organization_social rw_organization_admin,community_management,True,organization with current content authorization,openid profile,False,PREVIEW_CODE_DEPLOYED_b7ee0e68; configuration activation NOT_APPLIED,rafii,NOT_RUN,,"NOT PRODUCTION READY — approvals, actual grant, eligibility and live E2E unverified",https://learn.microsoft.com/en-us/linkedin/marketing/community-management/shares/posts-api?view=li-lms-2026-09,,2026-10-08,https://learn.microsoft.com/en-us/linkedin/marketing/community-management/organizations/organization-access-control-by-role?view=li-lms-2026-06 ; https://learn.microsoft.com/en-us/linkedin/marketing/community-management/community-management-api-migration-guide?view=li-lms-2026-09,NOT_RUN for this operation,Existing focused contracts where applicable; not a claim that this row is individually verified,"Community Management available to request, not Added. No restricted member-read or organization approval is proven",LinkedInProvider capability_scopes/destinations/organization_authorized; OfficialAPI.read/write; per-operation gates,PROVIDER_REVIEW; HUMAN_CONSENT; ACCOUNT_ELIGIBILITY; UNVERIFIED,James business/app owner + LinkedIn + eligible destination owner,"Complete genuine review prerequisites; approve submission separately; after actual product/scope approval, owner consents to exact group and select/verify destination; then approve and test exact operation",
organization_edit,documented,w_organization_social rw_organization_admin,community_management,True,organization with current content authorization,openid profile,False,PREVIEW_CODE_DEPLOYED_b7ee0e68; configuration activation NOT_APPLIED,rafii,NOT_RUN,,"NOT PRODUCTION READY — approvals, actual grant, eligibility and live E2E unverified",https://learn.microsoft.com/en-us/linkedin/marketing/community-management/shares/posts-api?view=li-lms-2026-09,,2026-10-08,https://learn.microsoft.com/en-us/linkedin/marketing/community-management/organizations/organization-access-control-by-role?view=li-lms-2026-06 ; https://learn.microsoft.com/en-us/linkedin/marketing/community-management/community-management-api-migration-guide?view=li-lms-2026-09,NOT_RUN for this operation,Existing focused contracts where applicable; not a claim that this row is individually verified,"Community Management available to request, not Added. No restricted member-read or organization approval is proven",LinkedInProvider capability_scopes/destinations/organization_authorized; OfficialAPI.read/write; per-operation gates,PROVIDER_REVIEW; HUMAN_CONSENT; ACCOUNT_ELIGIBILITY; UNVERIFIED,James business/app owner + LinkedIn + eligible destination owner,"Complete genuine review prerequisites; approve submission separately; after actual product/scope approval, owner consents to exact group and select/verify destination; then approve and test exact operation",
organization_delete,documented,w_organization_social rw_organization_admin,community_management,True,organization with current content authorization,openid profile,False,PREVIEW_CODE_DEPLOYED_b7ee0e68; configuration activation NOT_APPLIED,rafii,NOT_RUN,,"NOT PRODUCTION READY — approvals, actual grant, eligibility and live E2E unverified",https://learn.microsoft.com/en-us/linkedin/marketing/community-management/shares/posts-api?view=li-lms-2026-09,,2026-10-08,https://learn.microsoft.com/en-us/linkedin/marketing/community-management/organizations/organization-access-control-by-role?view=li-lms-2026-06 ; https://learn.microsoft.com/en-us/linkedin/marketing/community-management/community-management-api-migration-guide?view=li-lms-2026-09,NOT_RUN for this operation,Existing focused contracts where applicable; not a claim that this row is individually verified,"Community Management available to request, not Added. No restricted member-read or organization approval is proven",LinkedInProvider capability_scopes/destinations/organization_authorized; OfficialAPI.read/write; per-operation gates,PROVIDER_REVIEW; HUMAN_CONSENT; ACCOUNT_ELIGIBILITY; UNVERIFIED,James business/app owner + LinkedIn + eligible destination owner,"Complete genuine review prerequisites; approve submission separately; after actual product/scope approval, owner consents to exact group and select/verify destination; then approve and test exact operation",
organization_schedule,documented,w_organization_social rw_organization_admin,community_management,True,organization with current content authorization,openid profile,False,PREVIEW_CODE_DEPLOYED_b7ee0e68; configuration activation NOT_APPLIED,rafii,NOT_RUN,,"NOT PRODUCTION READY — approvals, actual grant, eligibility and live E2E unverified",https://learn.microsoft.com/en-us/linkedin/marketing/community-management/shares/posts-api?view=li-lms-2026-09,,2026-10-08,https://learn.microsoft.com/en-us/linkedin/marketing/community-management/organizations/organization-access-control-by-role?view=li-lms-2026-06 ; https://learn.microsoft.com/en-us/linkedin/marketing/community-management/community-management-api-migration-guide?view=li-lms-2026-09,NOT_RUN for this operation,Existing focused contracts where applicable; not a claim that this row is individually verified,"Community Management available to request, not Added. No restricted member-read or organization approval is proven",LinkedInProvider capability_scopes/destinations/organization_authorized; OfficialAPI.read/write; per-operation gates,PROVIDER_REVIEW; HUMAN_CONSENT; ACCOUNT_ELIGIBILITY; UNVERIFIED,James business/app owner + LinkedIn + eligible destination owner,"Complete genuine review prerequisites; approve submission separately; after actual product/scope approval, owner consents to exact group and select/verify destination; then approve and test exact operation",
organization_comments_read,documented,r_organization_admin r_organization_social_feed,community_management,True,ADMINISTRATOR or DIRECT_SPONSORED_CONTENT_POSTER; fresh role finder,openid profile,False,PREVIEW_CODE_DEPLOYED_b7ee0e68; configuration activation NOT_APPLIED,none,NOT_RUN,,"NOT PRODUCTION READY — approvals, actual grant, eligibility and live E2E unverified",https://learn.microsoft.com/en-us/linkedin/marketing/community-management/shares/posts-api?view=li-lms-2026-09,,2026-10-08,https://learn.microsoft.com/en-us/linkedin/marketing/community-management/organizations/organization-access-control-by-role?view=li-lms-2026-06 ; https://learn.microsoft.com/en-us/linkedin/marketing/community-management/community-management-api-migration-guide?view=li-lms-2026-09,NOT_RUN for this operation,Existing focused contracts where applicable; not a claim that this row is individually verified,"Community Management available to request, not Added. No restricted member-read or organization approval is proven",LinkedInProvider capability_scopes/destinations/organization_authorized; OfficialAPI.read/write; per-operation gates,PROVIDER_REVIEW; HUMAN_CONSENT; ACCOUNT_ELIGIBILITY; UNVERIFIED,James business/app owner + LinkedIn + eligible destination owner,"Complete genuine review prerequisites; approve submission separately; after actual product/scope approval, owner consents to exact group and select/verify destination; then approve and test exact operation",
organization_reactions,documented,r_organization_admin r_organization_social_feed,community_management,True,ADMINISTRATOR or DIRECT_SPONSORED_CONTENT_POSTER; fresh role finder,openid profile,False,PREVIEW_CODE_DEPLOYED_b7ee0e68; configuration activation NOT_APPLIED,none,NOT_RUN,,"NOT PRODUCTION READY — approvals, actual grant, eligibility and live E2E unverified",https://learn.microsoft.com/en-us/linkedin/marketing/community-management/shares/posts-api?view=li-lms-2026-09,,2026-10-08,https://learn.microsoft.com/en-us/linkedin/marketing/community-management/organizations/organization-access-control-by-role?view=li-lms-2026-06 ; https://learn.microsoft.com/en-us/linkedin/marketing/community-management/community-management-api-migration-guide?view=li-lms-2026-09,NOT_RUN for this operation,Existing focused contracts where applicable; not a claim that this row is individually verified,"Community Management available to request, not Added. No restricted member-read or organization approval is proven",LinkedInProvider capability_scopes/destinations/organization_authorized; OfficialAPI.read/write; per-operation gates,PROVIDER_REVIEW; HUMAN_CONSENT; ACCOUNT_ELIGIBILITY; UNVERIFIED,James business/app owner + LinkedIn + eligible destination owner,"Complete genuine review prerequisites; approve submission separately; after actual product/scope approval, owner consents to exact group and select/verify destination; then approve and test exact operation",
organization_reply,documented,r_organization_admin w_organization_social_feed,community_management,True,"ADMINISTRATOR, DIRECT_SPONSORED_CONTENT_POSTER or RECRUITING_POSTER; fresh role finder",openid profile,False,PREVIEW_CODE_DEPLOYED_b7ee0e68; configuration activation NOT_APPLIED,none,NOT_RUN,,"NOT PRODUCTION READY — approvals, actual grant, eligibility and live E2E unverified",https://learn.microsoft.com/en-us/linkedin/marketing/community-management/shares/posts-api?view=li-lms-2026-09,,2026-10-08,https://learn.microsoft.com/en-us/linkedin/marketing/community-management/organizations/organization-access-control-by-role?view=li-lms-2026-06 ; https://learn.microsoft.com/en-us/linkedin/marketing/community-management/community-management-api-migration-guide?view=li-lms-2026-09,NOT_RUN for this operation,Existing focused contracts where applicable; not a claim that this row is individually verified,"Community Management available to request, not Added. No restricted member-read or organization approval is proven",LinkedInProvider capability_scopes/destinations/organization_authorized; OfficialAPI.read/write; per-operation gates,PROVIDER_REVIEW; HUMAN_CONSENT; ACCOUNT_ELIGIBILITY; UNVERIFIED,James business/app owner + LinkedIn + eligible destination owner,"Complete genuine review prerequisites; approve submission separately; after actual product/scope approval, owner consents to exact group and select/verify destination; then approve and test exact operation",
organization_reaction_write,documented,r_organization_admin w_organization_social_feed,community_management,True,"ADMINISTRATOR, DIRECT_SPONSORED_CONTENT_POSTER or RECRUITING_POSTER; fresh role finder",openid profile,False,PREVIEW_CODE_DEPLOYED_b7ee0e68; configuration activation NOT_APPLIED,none,NOT_RUN,,"NOT PRODUCTION READY — approvals, actual grant, eligibility and live E2E unverified",https://learn.microsoft.com/en-us/linkedin/marketing/community-management/shares/posts-api?view=li-lms-2026-09,,2026-10-08,https://learn.microsoft.com/en-us/linkedin/marketing/community-management/organizations/organization-access-control-by-role?view=li-lms-2026-06 ; https://learn.microsoft.com/en-us/linkedin/marketing/community-management/community-management-api-migration-guide?view=li-lms-2026-09,NOT_RUN for this operation,Existing focused contracts where applicable; not a claim that this row is individually verified,"Community Management available to request, not Added. No restricted member-read or organization approval is proven",LinkedInProvider capability_scopes/destinations/organization_authorized; OfficialAPI.read/write; per-operation gates,PROVIDER_REVIEW; HUMAN_CONSENT; ACCOUNT_ELIGIBILITY; UNVERIFIED,James business/app owner + LinkedIn + eligible destination owner,"Complete genuine review prerequisites; approve submission separately; after actual product/scope approval, owner consents to exact group and select/verify destination; then approve and test exact operation",
organization_posts_read,documented,r_organization_admin r_organization_social,community_management,True,organization; fresh feed role,openid profile,False,PREVIEW_CODE_DEPLOYED_b7ee0e68; configuration activation NOT_APPLIED,none,NOT_RUN,,"NOT PRODUCTION READY — approvals, actual grant, eligibility and live E2E unverified",https://learn.microsoft.com/en-us/linkedin/marketing/community-management/shares/posts-api?view=li-lms-2026-09,,2026-10-08,https://learn.microsoft.com/en-us/linkedin/marketing/community-management/organizations/organization-access-control-by-role?view=li-lms-2026-06 ; https://learn.microsoft.com/en-us/linkedin/marketing/community-management/community-management-api-migration-guide?view=li-lms-2026-09,NOT_RUN for this operation,Existing focused contracts where applicable; not a claim that this row is individually verified,"Community Management available to request, not Added. No restricted member-read or organization approval is proven",LinkedInProvider capability_scopes/destinations/organization_authorized; OfficialAPI.read/write; per-operation gates,PROVIDER_REVIEW; HUMAN_CONSENT; ACCOUNT_ELIGIBILITY; UNVERIFIED,James business/app owner + LinkedIn + eligible destination owner,"Complete genuine review prerequisites; approve submission separately; after actual product/scope approval, owner consents to exact group and select/verify destination; then approve and test exact operation",
celebration_publish,unsupported,,none,False,none,openid profile,False,PREVIEW_CODE_DEPLOYED_b7ee0e68; configuration activation NOT_APPLIED,none,NOT_RUN,,UNSUPPORTED BY OFFICIAL API,https://learn.microsoft.com/en-us/linkedin/marketing/community-management/shares/posts-api?view=li-lms-2026-09,UNSUPPORTED BY OFFICIAL API: the official Celebration API permits fetching only; external creation returns 400.,2026-10-08,https://learn.microsoft.com/en-us/linkedin/marketing/community-management/shares/celebration-post-api?view=li-lms-2026-09,NOT_RUN for this operation,Existing focused contracts where applicable; not a claim that this row is individually verified,Not an app-access unlock,official_social explicit unsupported row; no authoring route,,Provider contract / product scope owner,"Keep unavailable; do not substitute URL sharing, organic multi-image or manual authoring for this capability",OFFICIAL_API_UNSUPPORTED
historical_content_read,documented,r_member_social,restricted_member_read,True,member,openid profile,False,PREVIEW_CODE_DEPLOYED_b7ee0e68; configuration activation NOT_APPLIED,none,NOT_RUN,,BLOCKED — LINKEDIN APPROVAL,https://learn.microsoft.com/en-us/linkedin/marketing/community-management/shares/posts-api?view=li-lms-2026-09,BLOCKED — LINKEDIN APPROVAL unless specifically approved.,2026-10-08,https://learn.microsoft.com/en-us/linkedin/marketing/community-management/community-management-api-migration-guide?view=li-lms-2026-09,NOT_RUN for this operation,Existing focused contracts where applicable; not a claim that this row is individually verified,"Community Management available to request, not Added. No restricted member-read or organization approval is proven",LinkedInProvider capability_scopes/destinations/organization_authorized; OfficialAPI.read/write; per-operation gates,PROVIDER_REVIEW; HUMAN_CONSENT; ACCOUNT_ELIGIBILITY; UNVERIFIED,James business/app owner + LinkedIn + eligible destination owner,"Complete genuine review prerequisites; approve submission separately; after actual product/scope approval, owner consents to exact group and select/verify destination; then approve and test exact operation",
comments_read,documented,r_member_social_feed,community_management,True,member,openid profile,False,PREVIEW_CODE_DEPLOYED_b7ee0e68; configuration activation NOT_APPLIED,none,NOT_RUN,,"NOT PRODUCTION READY — approvals, actual grant, eligibility and live E2E unverified",https://learn.microsoft.com/en-us/linkedin/marketing/community-management/shares/posts-api?view=li-lms-2026-09,,2026-10-08,https://learn.microsoft.com/en-us/linkedin/marketing/community-management/community-management-api-migration-guide?view=li-lms-2026-09,NOT_RUN for this operation,Existing focused contracts where applicable; not a claim that this row is individually verified,"Community Management available to request, not Added. No restricted member-read or organization approval is proven",LinkedInProvider capability_scopes/destinations/organization_authorized; OfficialAPI.read/write; per-operation gates,PROVIDER_REVIEW; HUMAN_CONSENT; ACCOUNT_ELIGIBILITY; UNVERIFIED,James business/app owner + LinkedIn + eligible destination owner,"Complete genuine review prerequisites; approve submission separately; after actual product/scope approval, owner consents to exact group and select/verify destination; then approve and test exact operation",
reactions,documented,r_member_social_feed,community_management,True,member,openid profile,False,PREVIEW_CODE_DEPLOYED_b7ee0e68; configuration activation NOT_APPLIED,none,NOT_RUN,,"NOT PRODUCTION READY — approvals, actual grant, eligibility and live E2E unverified",https://learn.microsoft.com/en-us/linkedin/marketing/community-management/shares/posts-api?view=li-lms-2026-09,,2026-10-08,https://learn.microsoft.com/en-us/linkedin/marketing/community-management/community-management-api-migration-guide?view=li-lms-2026-09,NOT_RUN for this operation,Existing focused contracts where applicable; not a claim that this row is individually verified,"Community Management available to request, not Added. No restricted member-read or organization approval is proven",LinkedInProvider capability_scopes/destinations/organization_authorized; OfficialAPI.read/write; per-operation gates,PROVIDER_REVIEW; HUMAN_CONSENT; ACCOUNT_ELIGIBILITY; UNVERIFIED,James business/app owner + LinkedIn + eligible destination owner,"Complete genuine review prerequisites; approve submission separately; after actual product/scope approval, owner consents to exact group and select/verify destination; then approve and test exact operation",
reply,documented,w_member_social_feed,community_management,True,member,openid profile,False,PREVIEW_CODE_DEPLOYED_b7ee0e68; configuration activation NOT_APPLIED,none,NOT_RUN,,"NOT PRODUCTION READY — approvals, actual grant, eligibility and live E2E unverified",https://learn.microsoft.com/en-us/linkedin/marketing/community-management/shares/posts-api?view=li-lms-2026-09,,2026-10-08,https://learn.microsoft.com/en-us/linkedin/marketing/community-management/community-management-api-migration-guide?view=li-lms-2026-09,NOT_RUN for this operation,Existing focused contracts where applicable; not a claim that this row is individually verified,"Community Management available to request, not Added. No restricted member-read or organization approval is proven",LinkedInProvider capability_scopes/destinations/organization_authorized; OfficialAPI.read/write; per-operation gates,PROVIDER_REVIEW; HUMAN_CONSENT; ACCOUNT_ELIGIBILITY; UNVERIFIED,James business/app owner + LinkedIn + eligible destination owner,"Complete genuine review prerequisites; approve submission separately; after actual product/scope approval, owner consents to exact group and select/verify destination; then approve and test exact operation",
reaction_write,documented,w_member_social_feed,community_management,True,member,openid profile,False,PREVIEW_CODE_DEPLOYED_b7ee0e68; configuration activation NOT_APPLIED,none,NOT_RUN,,"NOT PRODUCTION READY — approvals, actual grant, eligibility and live E2E unverified",https://learn.microsoft.com/en-us/linkedin/marketing/community-management/shares/posts-api?view=li-lms-2026-09,,2026-10-08,https://learn.microsoft.com/en-us/linkedin/marketing/community-management/community-management-api-migration-guide?view=li-lms-2026-09,NOT_RUN for this operation,Existing focused contracts where applicable; not a claim that this row is individually verified,"Community Management available to request, not Added. No restricted member-read or organization approval is proven",LinkedInProvider capability_scopes/destinations/organization_authorized; OfficialAPI.read/write; per-operation gates,PROVIDER_REVIEW; HUMAN_CONSENT; ACCOUNT_ELIGIBILITY; UNVERIFIED,James business/app owner + LinkedIn + eligible destination owner,"Complete genuine review prerequisites; approve submission separately; after actual product/scope approval, owner consents to exact group and select/verify destination; then approve and test exact operation",
analytics,documented,r_member_postAnalytics,community_management,True,member,openid profile,False,PREVIEW_CODE_DEPLOYED_b7ee0e68; configuration activation NOT_APPLIED,none,NOT_RUN,,"NOT PRODUCTION READY — approvals, actual grant, eligibility and live E2E unverified",https://learn.microsoft.com/en-us/linkedin/marketing/community-management/shares/posts-api?view=li-lms-2026-09,,2026-10-08,https://learn.microsoft.com/en-us/linkedin/marketing/community-management/members/post-statistics?view=li-lms-2026-09,NOT_RUN for this operation,Existing focused contracts where applicable; not a claim that this row is individually verified,"Community Management available to request, not Added. No restricted member-read or organization approval is proven",LinkedInProvider capability_scopes/destinations/organization_authorized; OfficialAPI.read/write; per-operation gates,PROVIDER_REVIEW; HUMAN_CONSENT; ACCOUNT_ELIGIBILITY; UNVERIFIED,James business/app owner + LinkedIn + eligible destination owner,"Complete genuine review prerequisites; approve submission separately; after actual product/scope approval, owner consents to exact group and select/verify destination; then approve and test exact operation",
organization_analytics,documented,rw_organization_admin,community_management,True,authorized organization,openid profile,False,PREVIEW_CODE_DEPLOYED_b7ee0e68; configuration activation NOT_APPLIED,none,NOT_RUN,,"NOT PRODUCTION READY — approvals, actual grant, eligibility and live E2E unverified",https://learn.microsoft.com/en-us/linkedin/marketing/community-management/shares/posts-api?view=li-lms-2026-09,,2026-10-08,https://learn.microsoft.com/en-us/linkedin/marketing/community-management/organizations/organization-access-control-by-role?view=li-lms-2026-06 ; https://learn.microsoft.com/en-us/linkedin/marketing/community-management/community-management-api-migration-guide?view=li-lms-2026-09,NOT_RUN for this operation,Existing focused contracts where applicable; not a claim that this row is individually verified,"Community Management available to request, not Added. No restricted member-read or organization approval is proven",LinkedInProvider capability_scopes/destinations/organization_authorized; OfficialAPI.read/write; per-operation gates,PROVIDER_REVIEW; HUMAN_CONSENT; ACCOUNT_ELIGIBILITY; UNVERIFIED,James business/app owner + LinkedIn + eligible destination owner,"Complete genuine review prerequisites; approve submission separately; after actual product/scope approval, owner consents to exact group and select/verify destination; then approve and test exact operation",
organization_follower_analytics,documented,rw_organization_admin,community_management,True,authorized organization,openid profile,False,PREVIEW_CODE_DEPLOYED_b7ee0e68; configuration activation NOT_APPLIED,none,NOT_RUN,,"NOT PRODUCTION READY — approvals, actual grant, eligibility and live E2E unverified",https://learn.microsoft.com/en-us/linkedin/marketing/community-management/shares/posts-api?view=li-lms-2026-09,,2026-10-08,https://learn.microsoft.com/en-us/linkedin/marketing/community-management/organizations/organization-access-control-by-role?view=li-lms-2026-06 ; https://learn.microsoft.com/en-us/linkedin/marketing/community-management/community-management-api-migration-guide?view=li-lms-2026-09,NOT_RUN for this operation,Existing focused contracts where applicable; not a claim that this row is individually verified,"Community Management available to request, not Added. No restricted member-read or organization approval is proven",LinkedInProvider capability_scopes/destinations/organization_authorized; OfficialAPI.read/write; per-operation gates,PROVIDER_REVIEW; HUMAN_CONSENT; ACCOUNT_ELIGIBILITY; UNVERIFIED,James business/app owner + LinkedIn + eligible destination owner,"Complete genuine review prerequisites; approve submission separately; after actual product/scope approval, owner consents to exact group and select/verify destination; then approve and test exact operation",
organization_page_analytics,documented,rw_organization_admin,community_management,True,authorized organization,openid profile,False,PREVIEW_CODE_DEPLOYED_b7ee0e68; configuration activation NOT_APPLIED,none,NOT_RUN,,"NOT PRODUCTION READY — approvals, actual grant, eligibility and live E2E unverified",https://learn.microsoft.com/en-us/linkedin/marketing/community-management/shares/posts-api?view=li-lms-2026-09,,2026-10-08,https://learn.microsoft.com/en-us/linkedin/marketing/community-management/organizations/organization-access-control-by-role?view=li-lms-2026-06 ; https://learn.microsoft.com/en-us/linkedin/marketing/community-management/community-management-api-migration-guide?view=li-lms-2026-09,NOT_RUN for this operation,Existing focused contracts where applicable; not a claim that this row is individually verified,"Community Management available to request, not Added. No restricted member-read or organization approval is proven",LinkedInProvider capability_scopes/destinations/organization_authorized; OfficialAPI.read/write; per-operation gates,PROVIDER_REVIEW; HUMAN_CONSENT; ACCOUNT_ELIGIBILITY; UNVERIFIED,James business/app owner + LinkedIn + eligible destination owner,"Complete genuine review prerequisites; approve submission separately; after actual product/scope approval, owner consents to exact group and select/verify destination; then approve and test exact operation",
video_analytics,documented,r_organization_admin r_organization_social,community_management,True,organization-owned video; fresh feed role,openid profile,False,PREVIEW_CODE_DEPLOYED_b7ee0e68; configuration activation NOT_APPLIED,none,NOT_RUN,,"NOT PRODUCTION READY — approvals, actual grant, eligibility and live E2E unverified",https://learn.microsoft.com/en-us/linkedin/marketing/community-management/shares/posts-api?view=li-lms-2026-09,,2026-10-08,https://learn.microsoft.com/en-us/linkedin/marketing/community-management/community-management-api-migration-guide?view=li-lms-2026-09,NOT_RUN for this operation,Existing focused contracts where applicable; not a claim that this row is individually verified,"Community Management available to request, not Added. No restricted member-read or organization approval is proven",LinkedInProvider capability_scopes/destinations/organization_authorized; OfficialAPI.read/write; per-operation gates,PROVIDER_REVIEW; HUMAN_CONSENT; ACCOUNT_ELIGIBILITY; UNVERIFIED,James business/app owner + LinkedIn + eligible destination owner,"Complete genuine review prerequisites; approve submission separately; after actual product/scope approval, owner consents to exact group and select/verify destination; then approve and test exact operation",
document_analytics,audit_unavailable,,community_management,False,organization,openid profile,False,PREVIEW_CODE_DEPLOYED_b7ee0e68; configuration activation NOT_APPLIED,none,NOT_RUN,,BLOCKED — OFFICIAL AUDIT UNAVAILABLE,https://learn.microsoft.com/en-us/linkedin/marketing/community-management/shares/posts-api?view=li-lms-2026-09,Do not substitute advertising document metrics for organic analytics.,2026-10-08,https://learn.microsoft.com/en-us/linkedin/marketing/community-management/shares/posts-api?view=li-lms-2026-09,NOT_RUN for this operation,Existing focused contracts where applicable; not a claim that this row is individually verified,Community Management not Added; organic document analytics contract unresolved,official_social audit_unavailable row,UNVERIFIED; PROVIDER_REVIEW,Engineering primary-contract audit + LinkedIn review,Obtain a verifiable organic document analytics contract; do not substitute advertising metrics or infer support from fetch failure,OFFICIAL_CONTRACT_UNVERIFIED
article_newsletter_publish,unsupported,,none,False,none,openid profile,False,PREVIEW_CODE_DEPLOYED_b7ee0e68; configuration activation NOT_APPLIED,none,NOT_RUN,,UNSUPPORTED BY OFFICIAL API,https://learn.microsoft.com/en-us/linkedin/marketing/community-management/shares/posts-api?view=li-lms-2026-09,UNSUPPORTED BY OFFICIAL API: Posts ArticleContent shares a URL; it does not author a LinkedIn article/newsletter. Historical unsupported classification preserved. Current URL ArticleContent contract does not verify native article/newsletter authoring; a documentation fetch failure is not evidence of unsupported status.,2026-10-08,https://learn.microsoft.com/en-us/linkedin/marketing/integrations/ads/advertising-targeting/version/article-ads-integrations?view=li-lms-2026-09,NOT_RUN for this operation,Existing focused contracts where applicable; not a claim that this row is individually verified,Not an app-access unlock,official_social explicit unsupported row; no authoring route,UNVERIFIED,Provider contract / product scope owner,"Keep unavailable; do not substitute URL sharing, organic multi-image or manual authoring for this capability",HISTORICAL_UNSUPPORTED_CONTRACT_NOT_NEWLY_EXPANDED
