provider,product,app_ref,environment,account_type,lane,operation,media,implementation,test,deploy,real_acceptance,granted_scopes_observed,review_evidence_ref,last_checked,blocker,next_action,source
linkedin,member_posting,linkedin,production,member,standard,identity,none,existing,synthetic_per_receipt,preview_only_per_receipt,basic_connection_1_ordinary_account_per_receipt,openid profile w_member_social,none_recorded,2026-10-08 (receipt; not rechecked),provider_app_review_not_recorded,record app/product decision; owner of PR131 holds expired pilot,spec E10 / FINAL-RECEIPT-01a114a0 (not rerun)
linkedin,member_posting,linkedin,production,member,standard,publish_text,text,existing_candidate_PR131,synthetic_per_receipt,not_deployed,not_run (no provider POST),openid profile w_member_social,none_recorded,2026-10-08 (receipt; not rechecked),expired_pilot_job_held; cancellation_review_rejected; G3 live-write approval,original owner resumes exact gate,spec E10
youtube,youtube_data_api,youtube,production,creator,standard,identity,none,existing_merged_PR136,synthetic_per_PR136_CI,merged (deploy of this path not reverified),not_run,unknown,none_recorded,unknown,google sensitive-scope/audit/quota decisions not recorded,YouTube owner (PR149/138),spec E09
youtube,youtube_data_api,youtube,production,creator,standard,upload_private,video,existing_merged_PR136,synthetic_per_PR136_CI,merged (not reverified),not_run,unknown,none_recorded,unknown,G1 audit; G3 exact private asset approval,YouTube owner,spec E09
google,sign_in,rafii-sign-in,production,any,identity,sign_in,none,existing_PR147_PR148,per PR CI,deployed per PR148 merge (not reverified here),not_rechecked,openid email profile,none_recorded (brand receipt not seen),unknown,brand receipt not recorded; never implies YouTube/Gmail scope approval,record brand decision receipt,spec E12
instagram,instagram_login,instagram,production,professional,standard,identity,none,existing,existing tests (not rerun),unknown,not_run_here,unknown,none_recorded,unknown,Meta app review per permission not recorded,Meta app owner,spec E03/§9
all,founder_connections,founder-control,production,operator,control,attention_queue,none,this_branch,PASS 24 targeted unit tests (local) + cloud CI pending,not_deployed,not_applicable (read-only projection),n/a,n/a,2026-10-09,release gate G6,draft PR → CI → approved deploy,this session
all,founder_connections,founder-control,production,operator,control,approval_registry,none,this_branch,PASS targeted unit tests (local),not_deployed,not_applicable,n/a,n/a,2026-10-09,no provider decision receipts recorded; launch scope not recorded,James: launch scope; app owners: receipts,this session
youtube,founder_projection,founder-control,production,operator,control,connection_health_classification,none,this_branch (founder_metrics_ops),PASS targeted unit test (local); PG stage test in cloud CI,not_deployed,not_applicable,n/a,n/a,2026-10-09,release gate G6,draft PR → CI,this session
